Date,open,high,low,close
05/04 13:08,41.889999,42.57,41.790001,42.459999
05/04 13:09,42.400002,42.48,42.189999,42.439999
05/04 13:10,42.490002,42.5,42.130001,42.18
05/04 13:11,41.349998,41.450001,40.720001,41.299999
05/04 13:12,41.220001,41.400002,40.950001,41.029999
05/04 13:13,41.040001,41.299999,40.759998,41.189999
05/04 13:14,42.009998,42.349998,41.810001,42.23
05/04 13:15,42.66,43.27,42.5,43.130001
05/04 13:16,43.860001,44.849998,43.5,44.57
05/04 13:17,45.07,45.540001,44.580002,44.669998
05/04 13:18,46,46.400002,45.939999,46.380001
05/04 13:19,46.48,46.57,46.060001,46.279999
05/04 13:20,45.639999,45.669998,45.25,45.330002
05/04 13:21,45.709999,45.779999,45.040001,45.099998
05/04 13:22,45.5,45.740002,45.029999,45.720001
05/04 13:23,45.470001,45.689999,45.200001,45.400002
05/04 13:24,44.57,45.029999,44.400002,44.880001
05/04 13:25,45.43,45.799999,45.119999,45.310001
05/04 13:26,45.330002,45.93,45.299999,45.450001
05/04 13:27,45.009998,45.32,44.450001,44.509998
05/04 13:28,44.049999,44.810001,42.810001,42.950001
05/04 13:29,42.27,43.700001,42.099998,43.59
05/04 13:30,42.990002,42.990002,41.880001,41.880001
05/04 13:31,42.110001,42.119999,40.360001,40.360001
05/04 13:32,40.740002,41.68,39.959999,41.470001
05/04 13:33,42.029999,42.790001,41.959999,42.529999
05/04 13:34,42.540001,42.66,41.880001,42.380001
05/04 13:35,42.169998,43.09,41.919998,43.049999
05/04 13:36,43.52,43.75,42.75,43.52
05/04 13:37,43.349998,43.959999,43.310001,43.48
05/04 13:38,43.080002,44.16,43,43.740002
05/04 13:39,43.66,43.82,42.869999,42.889999
05/04 13:40,42.669998,42.740002,42.18,42.389999
05/04 13:41,43.389999,43.900002,43.110001,43.900002
05/04 13:42,44.110001,44.41,43.799999,44.41
05/04 13:43,44.049999,44.299999,43.610001,43.619999
05/04 13:44,43.669998,43.91,43.290001,43.349998
05/04 13:45,43.349998,43.560001,42.310001,42.720001
05/04 13:46,42.389999,43.049999,42.150002,43.009998
05/04 13:47,43.049999,43.759998,42.869999,43.490002
05/04 13:48,44.34,44.400002,43.43,43.540001
05/04 13:49,43.310001,44.279999,43.18,44.200001
05/04 13:50,44.299999,44.389999,43.59,43.799999
05/04 13:51,44.049999,44.599998,43.52,44.59
05/04 13:52,44.790001,45.349998,44.75,45.220001
05/04 13:53,45.5,45.75,44.91,44.990002
05/04 13:54,45.43,45.450001,44.830002,45.150002
05/04 13:55,45.099998,45.650002,44.889999,45.310001
05/04 13:56,45,45.52,44.93,44.970001
05/04 13:57,44.720001,44.869999,44.189999,44.599998
05/04 13:58,44.700001,44.91,44.52,44.830002
05/04 13:59,44.57,44.849998,44.25,44.700001
05/04 14:00,44.099998,44.369999,43.689999,43.689999
05/04 14:01,43.630001,43.700001,42.580002,42.580002
05/04 14:02,43.810001,44.279999,43.18,44.27
05/04 14:03,44.720001,44.84,43.130001,43.290001
05/04 14:04,42.98,43.169998,42.439999,42.689999
05/04 14:05,43,43.919998,42.959999,43.759998
05/04 14:06,43.34,43.59,42.419998,42.5
05/04 14:07,44.27,44.279999,43.029999,43.48
05/04 14:08,42.369999,43.939999,42.349998,43.939999
05/04 14:09,44.029999,44.23,43.139999,43.32
05/04 14:10,42.880001,43.169998,42.259998,42.419998
05/04 14:11,43.09,44.040001,42.91,43.07
05/04 14:12,43.869999,44.220001,43.029999,43.580002
05/04 14:13,43.25,43.790001,43.25,43.380001
05/04 14:14,43.330002,43.849998,43.049999,43.849998
05/04 14:15,43.689999,43.740002,42.560001,42.650002
05/04 14:16,42.810001,43.009998,42.68,42.869999
05/04 14:17,42.09,42.360001,41.77,42.310001
05/04 14:18,42.099998,42.259998,41.209999,41.919998
05/04 14:19,39.93,40.080002,39.110001,39.529999
05/04 14:20,39.369999,39.540001,38.82,38.950001
05/04 14:21,38.959999,39.080002,38.529999,38.75
05/04 14:22,39.040001,39.209999,38.299999,38.75
05/04 14:23,38.360001,38.490002,38.02,38.169998
05/04 14:24,38.080002,38.560001,38.080002,38.169998
05/04 14:25,38.740002,38.740002,37.990002,38.169998
05/04 14:26,38.689999,38.84,38.380001,38.450001
05/04 14:27,38.34,38.939999,38.259998,38.93
05/04 14:28,38.599998,38.599998,37.650002,37.75
05/04 14:29,37.549999,38.189999,37.299999,38.099998
05/04 14:30,38,38.66,37.939999,38.59
05/04 14:31,38.450001,38.650002,38.240002,38.450001
05/04 14:32,38.98,39.380001,38.939999,39.18
05/04 14:33,39.369999,39.459999,39.16,39.349998
05/04 14:34,39.57,39.869999,39.439999,39.77
05/04 14:35,40.040001,40.18,39.639999,39.91
05/04 14:36,40.130001,40.549999,39.880001,39.950001
05/04 14:37,39.360001,39.400002,38.959999,39.299999
05/04 14:38,39.400002,39.830002,39.279999,39.790001
05/04 14:39,39.07,39.240002,38.669998,38.959999
05/04 14:40,38.470001,38.549999,38.279999,38.419998
05/04 14:41,39.34,39.700001,39.119999,39.470001
05/04 14:42,39.470001,39.790001,39.450001,39.639999
05/04 14:43,39.139999,39.650002,39.09,39.650002
05/04 14:44,39.369999,39.450001,38.779999,39.27
05/04 14:45,39.099998,39.490002,38.93,39.299999
05/04 14:46,38.490002,38.560001,38.029999,38.16
05/04 14:47,38.299999,38.400002,38.07,38.34
05/04 14:48,38.330002,38.860001,38.290001,38.700001
05/04 14:49,38.990002,39.200001,38.799999,39.200001
05/04 14:50,39.849998,40,39.669998,39.970001
05/04 14:51,39.700001,39.860001,39.400002,39.540001
05/04 14:52,39.849998,39.93,39.560001,39.560001
05/04 14:53,39.560001,39.939999,39.459999,39.52
05/04 14:54,39.16,39.16,38.52,38.93
05/04 14:55,39,39.150002,38.759998,38.759998
05/04 14:56,39.130001,39.360001,38.98,39.200001
05/04 14:57,39.73,39.889999,39.049999,39.049999
05/04 14:58,39.029999,39.07,38.599998,38.599998
05/04 14:59,38.82,38.939999,38.549999,38.689999
05/04 15:00,38.310001,38.360001,37.84,38.25
05/04 15:01,37.700001,37.970001,37.349998,37.560001
05/04 15:02,38.34,38.59,38.009998,38.349998
05/04 15:03,37.869999,38.009998,37.549999,37.619999
05/04 15:04,38.27,38.310001,37.970001,38.119999
05/04 15:05,36.299999,36.560001,36.049999,36.509998
05/04 15:06,36.330002,36.700001,36.110001,36.459999
05/04 15:07,36.25,36.32,35.509998,35.509998
05/04 15:08,35.5,35.939999,35.349998,35.939999
05/04 15:09,36.549999,36.77,36.439999,36.560001
05/04 15:10,36.209999,36.57,36.040001,36.540001
05/04 15:11,36.389999,36.610001,36.349998,36.389999
05/04 15:12,36.400002,36.599998,36.240002,36.59
05/04 15:13,36.82,37.349998,36.759998,37.27
05/04 15:14,37.869999,38.029999,37.57,37.830002
05/04 15:15,37.470001,37.950001,37.470001,37.93
05/04 15:16,37.330002,37.349998,36.900002,36.970001
05/04 15:17,37.330002,37.59,37.200001,37.310001
05/04 15:18,37.540001,37.799999,37.48,37.77
05/04 15:19,37.880001,37.889999,37.650002,37.790001
05/04 15:20,37.5,38.119999,37.349998,38.040001
05/04 15:21,38.040001,38.470001,37.880001,38.41
05/04 15:22,39.439999,40.389999,38.619999,39.810001
05/04 15:23,39.990002,40.849998,39.84,40.73
05/04 15:24,40.82,40.98,40.630001,40.740002
05/04 15:25,41.099998,41.209999,40.380001,40.389999
05/04 15:26,40.529999,40.900002,40.310001,40.889999
05/04 15:27,40.700001,40.939999,40.439999,40.82
05/04 15:28,40.939999,41.919998,40.939999,41.450001
05/04 15:29,41.450001,41.52,40.889999,41.09
06/04 9:15,41.259998,41.580002,41.09,41.209999
06/04 9:16,41.439999,41.73,41.32,41.709999
06/04 9:17,41.099998,41.650002,41,41.549999
06/04 9:18,41.639999,41.950001,41.560001,41.689999
06/04 9:19,41.200001,41.419998,41,41.07
06/04 9:20,41.07,41.25,40.84,41.240002
06/04 9:21,41.560001,42.110001,41.450001,41.970001
06/04 9:22,41.939999,41.950001,41.68,41.84
06/04 9:23,41.299999,41.299999,40.790001,41.029999
06/04 9:24,40.689999,40.990002,40.470001,40.709999
06/04 9:25,41,41.189999,40.869999,40.91
06/04 9:26,40.450001,40.549999,40.119999,40.450001
06/04 9:27,40.450001,40.73,40.369999,40.41
06/04 9:28,40.189999,40.220001,39.790001,40.130001
06/04 9:29,40.02,40.240002,39.900002,40.099998
06/04 9:30,40.369999,41.040001,40.360001,40.889999
06/04 9:31,40.849998,41.049999,40.540001,40.900002
06/04 9:32,41.299999,41.349998,40.68,40.68
06/04 9:33,40.93,41.41,40.830002,41.240002
06/04 9:34,41.43,41.709999,41.369999,41.529999
06/04 9:35,42.389999,42.759998,42.25,42.349998
06/04 9:36,43.189999,44.380001,43.09,44.130001
06/04 9:37,44.349998,44.490002,43.41,43.459999
06/04 9:38,43.119999,43.610001,42.959999,43.599998
06/04 9:39,43.259998,44.119999,43.189999,44.110001
06/04 9:40,44.09,44.57,44.02,44.220001
06/04 9:41,43.939999,44.07,43.580002,44.049999
06/04 9:42,44,45.240002,43.98,44.880001
06/04 9:43,45,45.060001,44.52,44.619999
06/04 9:44,43.639999,44.57,43.580002,44.549999
06/04 9:45,43.919998,44.299999,43.82,43.939999
06/04 9:46,43.990002,43.990002,43.27,43.43
06/04 9:47,44.02,44.560001,43.950001,44.41
06/04 9:48,43.630001,44.139999,43.470001,43.759998
06/04 9:49,43.5,44.09,43.349998,43.560001
06/04 9:50,44.200001,44.389999,43.740002,44.02
06/04 9:51,44.25,44.43,43.900002,44.169998
06/04 9:52,44.25,44.41,44.02,44.060001
06/04 9:53,43.84,44.939999,43.790001,44.889999
06/04 9:54,44.799999,44.91,44.130001,44.169998
06/04 9:55,44.25,44.73,44.25,44.27
06/04 9:56,44.599998,45.23,44.580002,44.759998
06/04 9:57,44.5,44.619999,43.970001,44.16
06/04 9:58,44.549999,44.959999,44.419998,44.66
06/04 9:59,43.75,43.990002,43.450001,43.619999
06/04 10:00,44.040001,44.240002,43.57,43.959999
06/04 10:01,43.07,43.080002,41.970001,42.43
06/04 10:02,41.880001,42.07,41.169998,41.630001
06/04 10:03,40.759998,41.169998,40.400002,40.959999
06/04 10:04,41,41.299999,40.580002,40.900002
06/04 10:05,40.349998,40.439999,39.349998,39.349998
06/04 10:06,38.5,39.599998,38.330002,38.939999
06/04 10:07,40.139999,40.580002,39.189999,39.66
06/04 10:08,39.470001,39.59,38.720001,38.75
06/04 10:09,39.84,40.060001,39.400002,40.009998
06/04 10:10,40,40.09,39.18,39.57
06/04 10:11,39.799999,39.950001,38.459999,38.540001
06/04 10:12,39.16,39.32,38.34,38.450001
06/04 10:13,39.189999,39.23,38.540001,38.720001
06/04 10:14,37.419998,38.18,37.259998,38
06/04 10:15,37.560001,37.560001,36.43,36.48
06/04 10:16,36.779999,37.549999,36.490002,37.389999
06/04 10:17,36.549999,37.290001,36.139999,36.669998
06/04 10:18,37.169998,37.41,35.970001,36.330002
06/04 10:19,36.84,37.799999,36.669998,37.779999
06/04 10:20,38.689999,38.990002,38.029999,38.099998
06/04 10:21,38.779999,39.080002,38.389999,39.049999
06/04 10:22,39.18,39.490002,38.43,38.779999
06/04 10:23,38.720001,38.82,38.310001,38.48
06/04 10:24,38.5,38.849998,38.419998,38.73
06/04 10:25,39.290001,39.299999,38.720001,39.18
06/04 10:26,38.790001,39.060001,38.689999,38.700001
06/04 10:27,38.09,38.389999,37.810001,38.07
06/04 10:28,37.860001,37.919998,37.009998,37.060001
06/04 10:29,37.389999,38.119999,37.240002,37.400002
06/04 10:30,38.200001,38.34,37.369999,37.84
06/04 10:31,38.07,38.57,37.889999,38.52
06/04 10:32,37.07,37.200001,36.66,36.869999
06/04 10:33,36.639999,36.68,35.959999,36.049999
06/04 10:34,35.400002,35.990002,35.220001,35.639999
06/04 10:35,36.419998,36.720001,36.139999,36.169998
06/04 10:36,35.830002,36.200001,35.75,35.959999
06/04 10:37,36.709999,36.889999,36.470001,36.84
06/04 10:38,36.389999,36.82,36.389999,36.799999
06/04 10:39,37.27,38.02,37.07,38.009998
06/04 10:40,37.950001,38.369999,37.869999,37.93
06/04 10:41,37.240002,37.599998,37.080002,37.59
06/04 10:42,38.82,39,38.380001,38.73
06/04 10:43,38.529999,38.779999,37.43,37.439999
06/04 10:44,35.700001,36.860001,35.610001,36.860001
06/04 10:45,36.650002,36.939999,36.139999,36.52
06/04 10:46,36.310001,36.830002,36.080002,36.43
06/04 10:47,37.240002,37.349998,36.299999,36.700001
06/04 10:48,37.610001,37.700001,37.27,37.380001
06/04 10:49,37.490002,37.66,37.189999,37.330002
06/04 10:50,36.799999,37.110001,36.529999,36.529999
06/04 10:51,36.630001,36.939999,36.119999,36.220001
06/04 10:52,36.610001,37,36.610001,36.759998
06/04 10:53,36.619999,37.279999,36.099998,36.23
06/04 10:54,36.41,36.75,35.540001,35.880001
06/04 10:55,36.639999,36.93,35.650002,35.709999
06/04 10:56,35.560001,35.889999,35.27,35.290001
06/04 10:57,35.330002,36.77,35.330002,36.759998
06/04 10:58,36.200001,36.799999,35.959999,36.779999
06/04 10:59,37.130001,37.68,37.02,37.139999
06/04 11:00,37.43,37.59,36.77,36.91
06/04 11:01,36.200001,36.75,36,36.52
06/04 11:02,35.34,35.52,34.27,34.360001
06/04 11:03,34.459999,35.029999,34.209999,34.970001
06/04 11:04,35.009998,35.470001,34.970001,35.23
06/04 11:05,35.110001,35.18,34.639999,34.939999
06/04 11:06,35.330002,35.959999,35.330002,35.610001
06/04 11:07,35.459999,36.48,35.400002,36.419998
06/04 11:08,36.450001,36.77,36.240002,36.610001
06/04 11:09,36.130001,36.189999,35.720001,35.759998
06/04 11:10,36.040001,36.23,35.799999,36.040001
06/04 11:11,35.900002,36.029999,35.639999,35.639999
06/04 11:12,34.919998,36.549999,34.830002,36.290001
06/04 11:13,36.240002,37.009998,36.16,36.84
06/04 11:14,36.5,36.759998,36.099998,36.369999
06/04 11:15,36.529999,36.740002,36.240002,36.490002
06/04 11:16,36.880001,37.639999,36.779999,37.639999
06/04 11:17,38,38.259998,37.880001,38.139999
06/04 11:18,36.919998,37.66,36.900002,37.439999
06/04 11:19,37.290001,37.290001,36.299999,36.330002
06/04 11:20,36.810001,37.450001,36.290001,37.380001
06/04 11:21,37.310001,38.099998,37.310001,37.619999
06/04 11:22,37.75,37.869999,37.439999,37.57
06/04 11:23,37.5,38.009998,37.380001,37.939999
06/04 11:24,37.919998,38.27,37.880001,38.25
06/04 11:25,38.419998,38.82,38.310001,38.740002
06/04 11:26,38.369999,38.459999,37.830002,38.119999
06/04 11:27,37.709999,37.919998,37.5,37.790001
06/04 11:28,37.919998,38.290001,37.830002,38.290001
06/04 11:29,38.639999,38.77,38.439999,38.639999
06/04 11:30,38.369999,38.48,38.049999,38.130001
06/04 11:31,37.919998,38.209999,37.759998,38.060001
06/04 11:32,37.91,38.279999,37.869999,38.09
06/04 11:33,38.220001,38.66,38.099998,38.459999
06/04 11:34,38.93,39.509998,38.889999,39
06/04 11:35,39.07,39.18,38.799999,38.98
06/04 11:36,39.119999,39.41,39.080002,39.389999
06/04 11:37,39.869999,39.919998,39.48,39.580002
06/04 11:38,39.41,39.669998,39.380001,39.599998
06/04 11:39,39.509998,39.59,39.060001,39.450001
06/04 11:40,39.119999,39.290001,39,39.049999
06/04 11:41,39.360001,39.52,39.200001,39.389999
06/04 11:42,39.330002,39.330002,38.709999,39.150002
06/04 11:43,38.950001,39.23,38.66,39.02
06/04 11:44,39.060001,39.220001,38.779999,38.790001
06/04 11:45,38.77,38.880001,38.369999,38.630001
06/04 11:46,37.950001,38.380001,37.939999,38.200001
06/04 11:47,38.23,38.689999,38.200001,38.639999
06/04 11:48,39.049999,39.169998,38.860001,38.900002
06/04 11:49,39.220001,39.439999,39.02,39.209999
06/04 11:50,39,39.049999,38.740002,38.82
06/04 11:51,39.41,40.07,39.41,39.650002
06/04 11:52,39.860001,39.98,39.639999,39.849998
06/04 11:53,39.98,40.080002,39.599998,39.759998
06/04 11:54,39.77,40.150002,39.639999,39.849998
06/04 11:55,40.25,41.240002,40.220001,41.040001
06/04 11:56,40.84,41.02,40.34,40.43
06/04 11:57,40,40.459999,39.77,39.919998
06/04 11:58,40.110001,40.630001,40.07,40.400002
06/04 11:59,40.189999,40.259998,39.799999,40.200001
06/04 12:00,40.240002,40.540001,40.200001,40.34
06/04 12:01,40.82,41.049999,40.599998,40.959999
06/04 12:02,41.080002,41.369999,40.740002,41.369999
06/04 12:03,41.18,41.360001,41,41.27
06/04 12:04,41.599998,41.959999,41.509998,41.790001
06/04 12:05,41.73,42.18,41.650002,42.040001
06/04 12:06,42.34,42.34,42.060001,42.23
06/04 12:07,42.240002,42.490002,42.080002,42.389999
06/04 12:08,42.240002,42.299999,42.029999,42.209999
06/04 12:09,42.259998,42.5,42.18,42.369999
06/04 12:10,42.09,42.200001,41.950001,42.099998
06/04 12:11,42.470001,42.650002,42.279999,42.580002
06/04 12:12,42.580002,42.77,42.459999,42.610001
06/04 12:13,42.830002,43.080002,42.75,43.009998
06/04 12:14,43.900002,44.459999,43.860001,44.389999
06/04 12:15,44.060001,45.639999,44,45.400002
06/04 12:16,44.790001,45.16,44.59,45.150002
06/04 12:17,45.150002,45.419998,45.060001,45.419998
06/04 12:18,45.080002,45.59,44.939999,45.41
06/04 12:19,44.93,45.040001,44.43,44.48
06/04 12:20,43.650002,44,43.32,43.939999
06/04 12:21,43.849998,43.919998,43.580002,43.830002
06/04 12:22,43.400002,43.939999,43.259998,43.82
06/04 12:23,44.290001,44.560001,43.82,43.82
06/04 12:24,43.860001,44.470001,43.75,44.400002
06/04 12:25,44.93,45.139999,44.560001,44.709999
06/04 12:26,43.32,43.82,43.209999,43.759998
06/04 12:27,43.830002,44.049999,43.290001,43.759998
06/04 12:28,43.52,44,43.459999,43.700001
06/04 12:29,42.919998,43.299999,42.279999,43.25
06/04 12:30,42.860001,43.09,42.189999,42.830002
06/04 12:31,41.369999,41.509998,40.740002,40.990002
06/04 12:32,41.59,42.080002,41.400002,41.970001
06/04 12:33,41.549999,42.330002,41.459999,41.970001
06/04 12:34,41.630001,41.639999,41.220001,41.529999
06/04 12:35,40.389999,40.950001,40.09,40.25
06/04 12:36,39.25,39.299999,38.52,38.66
06/04 12:37,39.150002,39.34,38.66,39.299999
06/04 12:38,39.200001,39.389999,38.889999,38.900002
06/04 12:39,37.98,38.18,37.41,38.07
06/04 12:40,38.419998,38.740002,38.200001,38.200001
06/04 12:41,38.130001,38.200001,37.650002,37.650002
06/04 12:42,37.459999,37.75,37.18,37.689999
06/04 12:43,37.950001,38.369999,37.84,38.040001
06/04 12:44,38.27,38.970001,38.25,38.349998
06/04 12:45,38.959999,39.09,38.66,38.82
06/04 12:46,38.639999,39.099998,38.419998,39.060001
06/04 12:47,39.240002,39.259998,38.099998,38.23
06/04 12:48,38.18,38.59,37.919998,38.439999
06/04 12:49,38.740002,39,38.560001,38.82
06/04 12:50,39.490002,40.130001,39.450001,39.619999
06/04 12:51,40.470001,40.599998,39.939999,39.959999
06/04 12:52,40,40.189999,39.450001,39.459999
06/04 12:53,39.619999,39.619999,39.029999,39.450001
06/04 12:54,38.630001,38.700001,37.830002,37.84
06/04 12:55,37.919998,38.049999,37.66,37.66
06/04 12:56,38.27,39.419998,38.220001,39.209999
06/04 12:57,39.939999,39.959999,39.299999,39.400002
06/04 12:58,40.450001,40.720001,40.139999,40.509998
06/04 12:59,40.52,40.700001,40.419998,40.52
06/04 13:00,39.560001,40.07,39.439999,39.98
06/04 13:01,39.52,39.52,38.91,38.919998
06/04 13:02,39.380001,39.380001,38.98,39.080002
06/04 13:03,39.580002,39.759998,39.290001,39.59
06/04 13:04,39.73,39.73,39.119999,39.169998
06/04 13:05,41.540001,41.900002,41.150002,41.380001
06/04 13:06,41.189999,41.310001,40.740002,40.799999
06/04 13:07,40.349998,40.369999,40.009998,40.330002
06/04 13:08,39.869999,40.099998,39.639999,39.93
06/04 13:09,39.57,39.689999,39.240002,39.32
06/04 13:10,39.650002,40.009998,39.419998,39.669998
06/04 13:11,40.830002,41.139999,40.549999,40.709999
06/04 13:12,41.139999,41.189999,40.830002,40.900002
06/04 13:13,41.110001,41.27,40.82,41.23
06/04 13:14,41.75,41.93,41.66,41.82
06/04 13:15,41.799999,41.950001,41.57,41.77
06/04 13:16,41.68,41.91,41.52,41.630001
06/04 13:17,42.52,43.23,42.310001,43.189999
06/04 13:18,43.080002,44.02,43.07,43.830002
06/04 13:19,44.200001,44.880001,44.130001,44.599998
06/04 13:20,44.540001,44.580002,44.240002,44.419998
06/04 13:21,44.5,44.630001,44.240002,44.540001
06/04 13:22,44.209999,44.240002,43.619999,43.619999
06/04 13:23,43.73,43.889999,43.380001,43.459999
06/04 13:24,43.52,43.950001,43.400002,43.939999
06/04 13:25,43.400002,43.400002,42.77,43.110001
06/04 13:26,43.029999,43.169998,42.049999,42.630001
06/04 13:27,42.75,43.389999,41.599998,41.869999
06/04 13:28,41.150002,41.779999,41.009998,41.650002
06/04 13:29,40.41,40.52,39.779999,39.869999
06/04 13:30,41.18,41.509998,40.889999,41.259998
06/04 13:31,41.049999,41.450001,40.799999,41.259998
06/04 13:32,41.849998,42.18,41.75,41.900002
06/04 13:33,41.59,41.709999,41,41.41
06/04 13:34,41.049999,41.27,40.849998,40.959999
06/04 13:35,40.630001,41.990002,40.549999,41.84
06/04 13:36,40.849998,41.09,40.25,40.43
06/04 13:37,40.380001,40.990002,40.34,40.860001
06/04 13:38,41.18,41.73,41.150002,41.540001
06/04 13:39,42.16,42.209999,41.650002,41.779999
06/04 13:40,42,42.220001,41.720001,41.939999
06/04 13:41,42.41,42.639999,42.290001,42.580002
06/04 13:42,42.389999,42.490002,41.73,42.130001
06/04 13:43,41.939999,42.150002,40.860001,40.950001
06/04 13:44,41.369999,41.549999,41.130001,41.34
06/04 13:45,41.549999,41.68,41.27,41.349998
06/04 13:46,41.32,41.77,41.049999,41.650002
06/04 13:47,42.34,42.57,42.23,42.279999
06/04 13:48,42.709999,42.889999,42.360001,42.630001
06/04 13:49,42.150002,42.16,41.580002,41.720001
06/04 13:50,42.610001,43.150002,42.389999,43.150002
06/04 13:51,43.759998,44.509998,43.759998,44.240002
06/04 13:52,44,44.040001,43.689999,43.709999
06/04 13:53,43.91,44.080002,43.540001,43.849998
06/04 13:54,43.599998,44.099998,43.360001,44.099998
06/04 13:55,43.91,44.27,43.84,44.220001
06/04 13:56,44.290001,44.459999,43.93,44.07
06/04 13:57,44.43,44.830002,44.189999,44.740002
06/04 13:58,44.529999,44.740002,44.490002,44.599998
06/04 13:59,44.279999,45.150002,44.209999,45.130001
06/04 14:00,45.169998,45.200001,44.610001,45.040001
06/04 14:01,44.799999,45.220001,44.759998,44.900002
06/04 14:02,44.77,44.900002,43.869999,43.869999
06/04 14:03,44.18,44.290001,43.849998,44.07
06/04 14:04,44.400002,44.549999,44.060001,44.119999
06/04 14:05,44.200001,45.099998,44,45.009998
06/04 14:06,45.099998,46.509998,45.099998,46.459999
06/04 14:07,46,46.48,45.189999,45.509998
06/04 14:08,46.57,46.740002,46.119999,46.48
06/04 14:09,46.959999,47.849998,46.959999,47.189999
06/04 14:10,46.709999,46.939999,46.330002,46.43
06/04 14:11,46.450001,47.139999,46.240002,47.130001
06/04 14:12,47.029999,47.450001,46.779999,47.419998
06/04 14:13,47.73,48.150002,47.43,47.950001
06/04 14:14,48.259998,48.400002,47.599998,47.860001
06/04 14:15,48.200001,49.060001,48.169998,48.68
06/04 14:16,48.91,49.389999,48.490002,48.93
06/04 14:17,49.450001,49.790001,49.330002,49.419998
06/04 14:18,49.419998,50.130001,49.299999,49.91
06/04 14:19,50.200001,50.639999,50.110001,50.389999
06/04 14:20,50.34,51.130001,50.07,50.130001
06/04 14:21,51.139999,51.209999,49.259998,49.75
06/04 14:22,49.650002,50.09,49.130001,49.279999
06/04 14:23,49.529999,50.110001,49.330002,50
06/04 14:24,50.299999,50.830002,50.18,50.639999
06/04 14:25,50.099998,50.400002,49.919998,50.169998
06/04 14:26,50.490002,51.049999,50.23,50.950001
06/04 14:27,50.799999,51.23,50.689999,51.130001
06/04 14:28,51.400002,51.48,51.049999,51.310001
06/04 14:29,51.5,51.84,51.439999,51.470001
06/04 14:30,51.790001,52.060001,51.57,51.91
06/04 14:31,51.889999,51.93,51.349998,51.630001
06/04 14:32,51.889999,52.099998,51.700001,52.099998
06/04 14:33,53.549999,53.790001,53.119999,53.490002
06/04 14:34,53.630001,53.970001,53.490002,53.549999
06/04 14:35,53.700001,53.75,53.099998,53.639999
06/04 14:36,53.900002,54.369999,53.52,53.669998
06/04 14:37,53.529999,53.529999,52.529999,52.830002
06/04 14:38,52.389999,52.75,52.16,52.599998
06/04 14:39,52.689999,52.689999,52.029999,52.150002
06/04 14:40,52.580002,52.939999,52.150002,52.880001
06/04 14:41,52.5,52.73,52.130001,52.48
06/04 14:42,53.009998,53.389999,52.880001,53.290001
06/04 14:43,53.389999,53.959999,53.389999,53.419998
06/04 14:44,54.049999,54.139999,53.68,53.759998
06/04 14:45,53.549999,53.779999,53.209999,53.5
06/04 14:46,53.5,53.509998,52.939999,52.98
06/04 14:47,52.919998,53.16,52.740002,52.790001
06/04 14:48,53.09,53.939999,52.799999,53.759998
06/04 14:49,53.5,53.790001,53.380001,53.630001
06/04 14:50,54.029999,54.060001,53.540001,53.889999
06/04 14:51,53.060001,53.16,52.799999,53.09
06/04 14:52,53.549999,53.59,52.779999,52.98
06/04 14:53,52.419998,52.93,52.18,52.779999
06/04 14:54,53.27,53.57,53.110001,53.18
06/04 14:55,53.619999,54.540001,53.490002,54.400002
06/04 14:56,54.5,55.029999,54.5,54.939999
06/04 14:57,55.049999,55.189999,54.32,54.459999
06/04 14:58,54.68,55.060001,54.330002,54.52
06/04 14:59,55.040001,56.200001,55.029999,55.900002
06/04 15:00,57.25,58.619999,57.02,58.610001
06/04 15:01,59.049999,59.52,58.25,58.25
06/04 15:02,58.290001,58.700001,58.290001,58.540001
06/04 15:03,59.709999,59.709999,58.779999,59.23
06/04 15:04,59.599998,59.639999,58.720001,59.099998
06/04 15:05,58.5,58.5,57.880001,57.959999
06/04 15:06,57.779999,58.299999,57.32,57.93
06/04 15:07,58.029999,58.34,57.950001,58.220001
06/04 15:08,57.990002,58.09,57.549999,57.759998
06/04 15:09,57.799999,58.349998,57.759998,58.25
06/04 15:10,58.529999,58.709999,58.330002,58.459999
06/04 15:11,58.66,58.689999,57.619999,57.849998
06/04 15:12,57.68,58.130001,57.459999,58.099998
06/04 15:13,59.599998,60.119999,59.599998,60.040001
06/04 15:14,58.970001,58.98,58.040001,58.060001
06/04 15:15,57.599998,57.689999,57.130001,57.389999
06/04 15:16,57.450001,58.599998,56.740002,58.32
06/04 15:17,58.189999,58.98,58.110001,58.75
06/04 15:18,59.689999,59.709999,58.700001,59.23
06/04 15:19,59.700001,59.700001,58.77,58.860001
06/04 15:20,60.150002,60.16,59.450001,60.060001
06/04 15:21,60.16,60.639999,59.919998,60.32
06/04 15:22,59.669998,59.700001,58.259998,58.389999
06/04 15:23,59.200001,59.689999,58.299999,58.75
06/04 15:24,58.639999,58.75,58.009998,58.580002
06/04 15:25,57.990002,59,57.470001,58.240002
06/04 15:26,58.900002,58.939999,58.32,58.349998
06/04 15:27,57.860001,58.07,56.619999,57.48
06/04 15:28,58.09,58.139999,57.459999,57.73
06/04 15:29,55.619999,55.990002,55.060001,55.259998
10/04 9:15,55.73,57.119999,55.48,57.09
10/04 9:16,57.52,57.52,56.849998,57.189999
10/04 9:17,55.080002,56.040001,55.060001,55.799999
10/04 9:18,55.43,55.48,53.599998,53.939999
10/04 9:19,54.349998,54.939999,54.139999,54.77
10/04 9:20,56.919998,57.639999,56.900002,57.52
10/04 9:21,58.099998,58.150002,57.169998,57.919998
10/04 9:22,58.27,58.279999,57.279999,58.02
10/04 9:23,57.139999,57.139999,56.060001,56.200001
10/04 9:24,56.439999,57.049999,56.34,57.02
10/04 9:25,57.950001,58.900002,57.810001,58.66
10/04 9:26,59.25,59.75,58.900002,59.630001
10/04 9:27,59.130001,59.700001,58.740002,59.330002
10/04 9:28,59.02,59.169998,57.869999,58.189999
10/04 9:29,56.099998,56.560001,55.630001,56.18
10/04 9:30,57.25,57.939999,57,57.639999
10/04 9:31,56.939999,57.040001,55.810001,56.48
10/04 9:32,56.650002,56.650002,55.52,55.59
10/04 9:33,53.549999,54.689999,53.18,54.119999
10/04 9:34,55.330002,55.470001,53.830002,53.860001
10/04 9:35,54.490002,55.41,54.380001,55.029999
10/04 9:36,54.200001,54.599998,53.27,53.290001
10/04 9:37,51.349998,54.049999,51,53.84
10/04 9:38,54.369999,56.009998,53.830002,55.98
10/04 9:39,56.299999,56.369999,54.040001,54.880001
10/04 9:40,55.970001,57.09,55.549999,57.080002
10/04 9:41,56.110001,56.389999,55.25,55.73
10/04 9:42,54.599998,55.080002,53.970001,55.07
10/04 9:43,51.549999,54.139999,51.060001,51.830002
10/04 9:44,53.709999,54.619999,52.490002,54.509998
10/04 9:45,53.110001,53.560001,52.09,52.240002
10/04 9:46,49.66,50.990002,48.509998,48.689999
10/04 9:47,51.900002,52.459999,49.290001,52.23
10/04 9:48,46.34,48.349998,44.900002,44.900002
10/04 9:49,45.75,48.560001,45.029999,48.540001
10/04 9:50,43.799999,46.09,43.259998,44.369999
10/04 9:51,43.740002,45.18,42.700001,43.889999
10/04 9:52,48.02,48.279999,44.48,44.529999
10/04 9:53,45.119999,45.610001,43.52,45.259998
10/04 9:54,48,48.919998,47.5,48.869999
10/04 9:55,49.299999,50.049999,48.049999,49
10/04 9:56,49.099998,50.459999,48.919998,49.869999
10/04 9:57,47.23,48.09,46.509998,46.91
10/04 9:58,47.18,48.16,46.77,47.82
10/04 9:59,47.799999,49.029999,47.66,47.790001
10/04 10:00,46.830002,47.560001,46.299999,46.509998
10/04 10:01,46.919998,48.220001,46.610001,48.130001
10/04 10:02,47.790001,48.150002,46.779999,47.060001
10/04 10:03,48.630001,50.099998,48.509998,49.970001
10/04 10:04,51.290001,51.32,49.66,49.720001
10/04 10:05,50.209999,50.599998,49.540001,50.27
10/04 10:06,50.279999,50.66,47.720001,48.330002
10/04 10:07,48.740002,49.09,47.959999,48.75
10/04 10:08,50,51.27,49.950001,50.630001
10/04 10:09,49.759998,49.970001,49.040001,49.66
10/04 10:10,51.810001,53.139999,51.68,52.400002
10/04 10:11,54.130001,54.189999,53,53.689999
10/04 10:12,53,53.82,52.560001,52.59
10/04 10:13,51.599998,51.810001,50.52,51.369999
10/04 10:14,52.48,53.110001,52.41,52.950001
10/04 10:15,52.810001,53.130001,52.259998,52.639999
10/04 10:16,52.599998,52.889999,52,52.73
10/04 10:17,53.150002,53.75,52.970001,53.509998
10/04 10:18,53.509998,53.73,52.68,52.759998
10/04 10:19,53.75,54.689999,53.43,54.48
10/04 10:20,54.200001,54.41,52.959999,53.130001
10/04 10:21,52.48,52.560001,51.09,51.099998
10/04 10:22,51.790001,52.18,51.279999,52.150002
10/04 10:23,52.209999,52.580002,51.580002,51.709999
10/04 10:24,52.110001,52.619999,52,52.130001
10/04 10:25,52.950001,52.98,52.099998,52.330002
10/04 10:26,52.619999,53.34,52.470001,52.91
10/04 10:27,52.610001,52.830002,52.380001,52.400002
10/04 10:28,52.639999,52.639999,51.080002,51.099998
10/04 10:29,51.91,52.02,50.48,50.919998
10/04 10:30,50.43,52.150002,49.790001,52.099998
10/04 10:31,50.560001,51.049999,49.380001,49.799999
10/04 10:32,50.939999,52.189999,50.77,51.869999
10/04 10:33,51.349998,51.459999,50.799999,50.810001
10/04 10:34,51.580002,52.09,50.5,51.84
10/04 10:35,52.099998,52.209999,50.689999,50.75
10/04 10:36,50.84,50.860001,49.610001,49.799999
10/04 10:37,51.299999,51.400002,50.790001,50.82
10/04 10:38,51.029999,51.740002,50.75,51.740002
10/04 10:39,51.459999,51.619999,50.099998,50.279999
10/04 10:40,50.34,50.73,49.860001,50.330002
10/04 10:41,50.91,51.279999,50.540001,51.029999
10/04 10:42,51.450001,52.040001,51.290001,52.009998
10/04 10:43,52.639999,53.25,52.419998,53.060001
10/04 10:44,53.060001,54.369999,53.029999,54.279999
10/04 10:45,55.5,56.34,55.060001,55.200001
10/04 10:46,55.740002,55.779999,54.709999,55.57
10/04 10:47,55.290001,56.630001,54.950001,56.610001
10/04 10:48,56.82,58.040001,56.82,57.549999
10/04 10:49,55.849998,56.41,55.009998,55.040001
10/04 10:50,56.5,56.869999,55.349998,56
10/04 10:51,54.709999,56.119999,54.52,56.02
10/04 10:52,56.59,57,55.540001,55.799999
10/04 10:53,56.150002,56.82,55.889999,56.599998
10/04 10:54,56.040001,56.540001,55.790001,56.150002
10/04 10:55,56.48,56.5,55.27,55.310001
10/04 10:56,55.5,56,55.32,56
10/04 10:57,56.639999,57.16,56.529999,56.759998
10/04 10:58,56.709999,57.060001,56.16,56.580002
10/04 10:59,56.560001,57.09,55.950001,57.040001
10/04 11:00,57,57.259998,56.209999,56.330002
10/04 11:01,56.34,56.41,55.66,56.389999
10/04 11:02,56.25,56.990002,56.189999,56.77
10/04 11:03,56.970001,57.470001,56.759998,56.82
10/04 11:04,57.950001,59.07,57.950001,58.619999
10/04 11:05,60.669998,62.130001,60.560001,61.880001
10/04 11:06,61.259998,61.5,60.68,60.709999
10/04 11:07,61.639999,62.740002,61.5,62.59
10/04 11:08,62.950001,64.970001,62.889999,64.779999
10/04 11:09,64.470001,64.559998,63.189999,63.849998
10/04 11:10,65.199997,67.080002,64.980003,65.07
10/04 11:11,66,67.029999,65.330002,66.959999
10/04 11:12,67.18,67.209999,65.160004,66.059998
10/04 11:13,65.379997,66.629997,64.32,66.589996
10/04 11:14,67.309998,68,66.370003,66.400002
10/04 11:15,66.699997,66.980003,65.800003,66.889999
10/04 11:16,68.839996,69.25,67.709999,67.809998
10/04 11:17,68.099998,68.900002,68.029999,68.529999
10/04 11:18,68.260002,68.5,66.75,67.370003
10/04 11:19,71.400002,76.889999,71.349998,73.900002
10/04 11:20,81.360001,83.400002,80.43,83.25
10/04 11:21,79.349998,79.580002,76.489998,76.919998
10/04 11:22,77.110001,83.370003,77.059998,82.669998
10/04 11:23,80.010002,81.279999,78.610001,79.93
10/04 11:24,79.629997,79.769997,77.510002,78.889999
10/04 11:25,77.769997,79.150002,77.410004,78.949997
10/04 11:26,79.330002,80.190002,78.739998,80.190002
10/04 11:27,80.980003,84,80.57,81.629997
10/04 11:28,82.040001,82.099998,80.220001,80.519997
10/04 11:29,80.489998,80.790001,79.410004,80.029999
10/04 11:30,80.550003,80.849998,79.220001,79.870003
10/04 11:31,79.089996,79.199997,77.940002,77.940002
10/04 11:32,78.160004,79.550003,77.730003,79.389999
10/04 11:33,79,79.099998,77.830002,78.300003
10/04 11:34,78.419998,79.230003,78.050003,78.410004
10/04 11:35,79.800003,80.889999,79.660004,80.190002
10/04 11:36,80.220001,80.82,79.25,79.410004
10/04 11:37,79.010002,79.230003,78.25,78.540001
10/04 11:38,76.32,77.099998,75.980003,76.809998
10/04 11:39,78.019997,78.730003,77.860001,78.339996
10/04 11:40,79.730003,79.910004,78.489998,78.900002
10/04 11:41,79.849998,80.480003,79.470001,80.040001
10/04 11:42,81.25,82.169998,81.010002,81.75
10/04 11:43,82.18,82.309998,80.169998,80.599998
10/04 11:44,80.059998,80.879997,79.910004,80.440002
10/04 11:45,79,79.760002,78.690002,79.25
10/04 11:46,80.120003,81.599998,79.989998,81.550003
10/04 11:47,81.349998,82.709999,79.879997,82.169998
10/04 11:48,81.120003,81.809998,78.379997,81.18
10/04 11:49,80.5,81.470001,77.410004,78.910004
10/04 11:50,78.019997,79.150002,77.220001,77.32
10/04 11:51,78.620003,79.699997,78.550003,79.400002
10/04 11:52,80.739998,81.230003,78.760002,78.900002
10/04 11:53,80.010002,80.300003,78.599998,78.82
10/04 11:54,80.5,81.120003,79.949997,80.5
10/04 11:55,81.559998,86.790001,81.379997,85.849998
10/04 11:56,86.489998,86.489998,83.040001,83.129997
10/04 11:57,81,82.290001,80.610001,81.910004
10/04 11:58,82.370003,82.839996,80.110001,80.230003
10/04 11:59,79.800003,80.650002,79.080002,80.589996
10/04 12:00,80.830002,80.889999,79.400002,80.480003
10/04 12:01,79.699997,79.93,77.889999,77.919998
10/04 12:02,76.82,79,76.169998,78.379997
10/04 12:03,78.169998,78.919998,77.389999,78.879997
10/04 12:04,80.309998,80.370003,79.470001,79.769997
10/04 12:05,79.699997,81.239998,79.309998,80.510002
10/04 12:06,80.589996,81.940002,80.57,81.07
10/04 12:07,82.059998,82.720001,81.739998,82.620003
10/04 12:08,80.709999,82.199997,80.610001,80.800003
10/04 12:09,81.550003,84.629997,81.550003,84.540001
10/04 12:10,83.769997,84.449997,82.769997,83.120003
10/04 12:11,84.779999,87,84.779999,86.919998
10/04 12:12,88.860001,88.860001,86.519997,87.800003
10/04 12:13,88.339996,88.800003,87.639999,88.779999
10/04 12:14,89.120003,91.269997,88.68,90.910004
10/04 12:15,90.5,90.650002,89.43,89.639999
10/04 12:16,89.650002,89.879997,88.269997,88.599998
10/04 12:17,87.290001,89.489998,87.190002,88.150002
10/04 12:18,88.550003,88.589996,86.440002,86.699997
10/04 12:19,88.339996,89.620003,87.290001,87.559998
10/04 12:20,87.790001,88.980003,87.769997,88.260002
10/04 12:21,88,88.870003,87.57,87.639999
10/04 12:22,88.440002,88.940002,87.879997,88.209999
10/04 12:23,88.25,88.449997,87.43,88.309998
10/04 12:24,87.209999,87.779999,85.769997,86.730003
10/04 12:25,86.959999,87.220001,85.980003,86.709999
10/04 12:26,85.150002,85.410004,83.839996,83.849998
10/04 12:27,84.269997,85.330002,84.019997,84.889999
10/04 12:28,84.43,84.75,83.160004,83.870003
10/04 12:29,84.599998,85.959999,84.529999,85.709999
10/04 12:30,86.190002,88.239998,86.059998,87.690002
10/04 12:31,88.720001,89.769997,88.459999,89.449997
10/04 12:32,90.419998,90.959999,89.769997,90.43
10/04 12:33,89.809998,91.5,89.050003,91.410004
10/04 12:34,92.199997,92.480003,88.940002,89.029999
10/04 12:35,88.400002,88.800003,86.699997,87.660004
10/04 12:36,89.5,91.18,89.360001,90.879997
10/04 12:37,90.879997,91.889999,89.779999,89.82
10/04 12:38,91.540001,93.809998,91.209999,93.220001
10/04 12:39,96.419998,102.440002,96.360001,99.269997
10/04 12:40,97.980003,98.089996,95.690002,95.709999
10/04 12:41,98.519997,98.800003,96.370003,96.93
10/04 12:42,96.769997,96.860001,95.620003,96.610001
10/04 12:43,96.660004,97.199997,95.300003,95.330002
10/04 12:44,97.160004,98.93,96.849998,98.129997
10/04 12:45,98.489998,98.589996,96.019997,96.639999
10/04 12:46,96.199997,97.989998,96.139999,97.489998
10/04 12:47,98.540001,99.269997,98.050003,98.739998
10/04 12:48,97.559998,97.949997,96.199997,97.019997
10/04 12:49,98.690002,104.300003,98.519997,100.860001
10/04 12:50,102,102.040001,99.519997,99.540001
10/04 12:51,101.059998,101.190002,99.43,99.5
10/04 12:52,101.510002,103.75,100.699997,103.730003
10/04 12:53,106.019997,107.610001,104.970001,106.389999
10/04 12:54,107.779999,107.839996,105.110001,105.639999
10/04 12:55,106.010002,106.599998,103.510002,104.419998
10/04 12:56,103,105.110001,102.199997,104.230003
10/04 12:57,104.010002,105.120003,103.220001,104.029999
10/04 12:58,103.769997,104.900002,103.5,103.559998
10/04 12:59,105.68,106.379997,104.419998,105.089996
10/04 13:00,105.650002,105.669998,103.959999,105.199997
10/04 13:01,104.900002,105.32,103.849998,103.900002
10/04 13:02,104,104.800003,103.160004,104.279999
10/04 13:03,103.559998,104.959999,103.32,104.830002
10/04 13:04,105.07,105.220001,102.910004,103.940002
10/04 13:05,104.669998,104.870003,103.599998,103.760002
10/04 13:06,104.760002,106.339996,104.669998,105.970001
10/04 13:07,107.599998,108.169998,105.949997,106.150002
10/04 13:08,107,107.150002,105.220001,105.559998
10/04 13:09,107.699997,109.699997,107.400002,108.900002
10/04 13:10,109.660004,109.669998,108.440002,109.040001
10/04 13:11,111.470001,114.099998,110.449997,111.699997
10/04 13:12,112.410004,114.949997,112.010002,112.769997
10/04 13:13,113.849998,116.389999,112.550003,115.610001
10/04 13:14,119.339996,122.940002,117.589996,121.43
10/04 13:15,125.910004,126.290001,116.980003,118.690002
10/04 13:16,119.739998,123.599998,118.800003,122.599998
10/04 13:17,125.160004,125.199997,121.68,123
10/04 13:18,124.400002,124.800003,118,119.230003
10/04 13:19,123.449997,134.649994,121.669998,126.449997
10/04 13:20,128.470001,128.539993,123.209999,125.230003
10/04 13:21,130.589996,134.050003,128.440002,131.300003
10/04 13:22,135.190002,136.130005,130.100006,130.639999
10/04 13:23,133.25,135.399994,132.339996,134.160004
10/04 13:24,130.039993,131.25,128.809998,129.139999
10/04 13:25,131.830002,132.169998,127.349998,130.520004
10/04 13:26,129.050003,129.320007,126.25,126.650002
10/04 13:27,124.949997,125.099998,121.5,121.739998
10/04 13:28,124.5,127.580002,123.580002,125.830002
10/04 13:29,124,124.360001,120.550003,121.519997
10/04 13:30,124.540001,126.849998,123.379997,126.660004
10/04 13:31,129.470001,130.25,127.449997,128.440002
10/04 13:32,129,129.139999,126.059998,127.5
10/04 13:33,127.5,128.199997,125.970001,128.149994
10/04 13:34,128.789993,128.880005,126.699997,127.779999
10/04 13:35,128.699997,133.25,128.699997,132.550003
10/04 13:36,133.979996,134.410004,131.75,132.679993
10/04 13:37,134.119995,136,132.509995,133.690002
10/04 13:38,135.399994,139.229996,134.059998,139.160004
10/04 13:39,138.919998,139.809998,137.160004,138.059998
10/04 13:40,141.610001,142.199997,139.419998,140.050003
10/04 13:41,139.210007,139.639999,136.100006,136.270004
10/04 13:42,134.850006,135.880005,133.399994,134.630005
10/04 13:43,136.149994,137.949997,135.720001,136.660004
10/04 13:44,133.589996,135.279999,133.179993,133.570007
10/04 13:45,129.100006,131.740005,125.379997,129.100006
10/04 13:46,129.509995,132.380005,127.68,132.300003
10/04 13:47,131.520004,131.539993,125.720001,126
10/04 13:48,125.43,127.389999,122.830002,125.940002
10/04 13:49,129.630005,130.300003,127.239998,129.130005
10/04 13:50,128.429993,128.520004,126,126
10/04 13:51,126.720001,127.760002,122.709999,122.889999
10/04 13:52,121.949997,123.150002,113.489998,115.589996
10/04 13:53,120.900002,121.300003,115.379997,120.800003
10/04 13:54,120.540001,121,113.699997,113.93
10/04 13:55,117.07,118.400002,115.330002,116.379997
10/04 13:56,117.800003,118.029999,113.410004,113.830002
